Nome,Preço,Link,Imagem,Cor,Categoria_Principal,Subcategoria,Descricao
"Top Canelado, Mulher, Cinzento",12.99,https://mo-online.com/pt/top-canelado-mulher-cinzento-/000041152256020.html,https://mo-online.com/dw/image/v2/BCQK_PRD/on/demandware.static/-/Sites-master-catalog/default/dw001492b0/images/hires/ad82dcf3-30e9-4ef8-b616-bd54fd94c1f7.jpg?sw=1080&sh=1388,Cinzento,T-shirts,Tops,"Top Canelado, Mulher, Cinzento T-shirts Tops"
"Calças, Mulher, Cinzento Escuro",22.99,https://mo-online.com/pt/calcas-mulher-cinzento-escuro/000041152284010.html,https://mo-online.com/dw/image/v2/BCQK_PRD/on/demandware.static/-/Sites-master-catalog/default/dwb2e5488f/images/hires/024263ca-c177-4ddc-8bba-72cc77ecc482.jpg?sw=1080&sh=1388,Cinzento Escuro,Calças,Leggings,"Calças, Mulher, Cinzento Escuro Leggings"
"Saia-Calção com Lantejoulas, Mulher, Cinzento",19.99,https://mo-online.com/pt/saia-calcao-com-lantejoulas-mulher-cinzento/000041152273020.html,https://mo-online.com/dw/image/v2/BCQK_PRD/on/demandware.static/-/Sites-master-catalog/default/dwad9d1963/images/hires/ed9f6734-d816-41d6-a4e3-367cfabd5bd9.jpg?sw=1080&sh=1388,Cinzento,Saias,Calções,"Saia-Calção com Lantejoulas, Mulher, Cinzento Saias Calções"
"T-shirt Estampada, Mulher, Branco",9.99,https://mo-online.com/pt/t-shirt-estampada-mulher-branco-/000041152247041.html,https://mo-online.com/dw/image/v2/BCQK_PRD/on/demandware.static/-/Sites-master-catalog/default/dwefd21fd1/images/hires/604408ee-70d3-4184-86f6-39432aa51f68.jpg?sw=1080&sh=1388,Branco,T-shirts,Tops,"T-shirt Estampada, Mulher, Branco T-shirts Tops"
"Casaco Malha Tricotada, Mulher, Cru",19.99,https://mo-online.com/pt/casaco-malha-tricotada-mulher-cru/000041152817041.html,https://mo-online.com/dw/image/v2/BCQK_PRD/on/demandware.static/-/Sites-master-catalog/default/dw496095eb/images/hires/634c9366-ed80-400c-a4e3-2b1cbab02298.jpg?sw=1080&sh=1388,Cru,Malhas,,"Casaco Malha Tricotada, Mulher, Cru Malhas"
"Mini Saia de Ganga, Mulher, Azul Claro",17.99,https://mo-online.com/pt/mini-saia-de-ganga-mulher-azul-claro/000041152265022.html,https://mo-online.com/dw/image/v2/BCQK_PRD/on/demandware.static/-/Sites-master-catalog/default/dwc6a6efeb/images/hires/34dfb2d0-a917-4d86-ab67-0583a155051c.jpg?sw=1080&sh=1388,Azul Claro,Saias,Calções,"Mini Saia de Ganga, Mulher, Azul Claro Saias Calções"
"Kimono Estampado, Mulher, Rosa",17.99,https://mo-online.com/pt/kimono-estampado-mulher-rosa/000041152264038.html,https://mo-online.com/dw/image/v2/BCQK_PRD/on/demandware.static/-/Sites-master-catalog/default/dw4809dd80/images/hires/64632014-e489-4056-96ca-ab53c1419cd6.jpg?sw=1080&sh=1388,Rosa,Casacos,Blusões,"Kimono Estampado, Mulher, Rosa Casacos Blusões"
"T-shirt Estampada, Mulher, Cinzento",9.99,https://mo-online.com/pt/t-shirt-estampada-mulher-cinzento-/000041152247020.html,https://mo-online.com/dw/image/v2/BCQK_PRD/on/demandware.static/-/Sites-master-catalog/default/dw4f2e0fbd/images/hires/553b1036-dbe7-45f2-ba2b-63eaeff53b43.jpg?sw=1080&sh=1388,Cinzento,T-shirts,Tops,"T-shirt Estampada, Mulher, Cinzento T-shirts Tops"
"Fato de Banho, Mulher, Preto",22.99,https://mo-online.com/pt/fato-de-banho-mulher-preto/000041152413002.html,https://mo-online.com/dw/image/v2/BCQK_PRD/on/demandware.static/-/Sites-master-catalog/default/dw8aced736/images/hires/718c412c-03f6-42c4-8678-d23aaf667da5.jpg?sw=1080&sh=1388,Preto,Novo,,"Fato de Banho, Mulher, Preto Novo"
"Top Jersey, Mulher, Verde Claro",3.99,https://mo-online.com/pt/top-jersey-mulher-verde-claro/000041152262026.html,https://mo-online.com/dw/image/v2/BCQK_PRD/on/demandware.static/-/Sites-master-catalog/default/dw86d85d7f/images/hires/74c1ae5f-4a6c-4cfa-8b12-299021b6ce31.jpg?sw=1080&sh=1388,Verde Claro,T-shirts,Tops,"Top Jersey, Mulher, Verde Claro T-shirts Tops"
"T-shirt às Riscas, Mulher, Branco",4.99,https://mo-online.com/pt/t-shirt-as-riscas-mulher-branco/000041152476041.html,https://mo-online.com/dw/image/v2/BCQK_PRD/on/demandware.static/-/Sites-master-catalog/default/dwa90f4f90/images/hires/37c7d184-eeca-402f-84f8-a9c3b9eb774c.jpg?sw=1080&sh=1388,Branco,T-shirts,Tops,"T-shirt às Riscas, Mulher, Branco T-shirts Tops"
"Tank Top, Mulher, Azul Escuro",9.99,https://mo-online.com/pt/tank-top-mulher-azul-escuro/000041152316006.html,https://mo-online.com/dw/image/v2/BCQK_PRD/on/demandware.static/-/Sites-master-catalog/default/dw0bb92b5c/images/hires/34c0617c-22cd-4c81-8f1f-e126ed3b7e4a.jpg?sw=1080&sh=1388,Azul Escuro,T-shirts,Tops,"Tank Top, Mulher, Azul Escuro T-shirts Tops"
"Top Jersey, Mulher, Lilás",3.99,https://mo-online.com/pt/top-jersey-mulher-lilas/000041152262039.html,https://mo-online.com/dw/image/v2/BCQK_PRD/on/demandware.static/-/Sites-master-catalog/default/dwbdc2b054/images/hires/738c46c7-84c3-4268-8c12-cc3f0a5f5420.jpg?sw=1080&sh=1388,Lilás,T-shirts,Tops,"Top Jersey, Mulher, Lilás T-shirts Tops"
"T-shirt Decote em V, Mulher, Castanho Escuro",7.99,https://mo-online.com/pt/t-shirt-decote-em-v-mulher-castanho-escuro/000041152318007.html,https://mo-online.com/dw/image/v2/BCQK_PRD/on/demandware.static/-/Sites-master-catalog/default/dw183a70c6/images/hires/113a64bd-d971-4f2b-a397-3a5484e6bbcd.jpg?sw=1080&sh=1388,Castanho Escuro,T-shirts,Tops,"T-shirt Decote em V, Mulher, Castanho Escuro T-shirts Tops"
"Tank Top, Mulher, Vermelho Escuro",9.99,https://mo-online.com/pt/tank-top-mulher-vermelho-escuro/000041152316014.html,https://mo-online.com/dw/image/v2/BCQK_PRD/on/demandware.static/-/Sites-master-catalog/default/dw9fcf209a/images/hires/18dfffad-2dbd-4a0f-8349-fe13e30e13d8.jpg?sw=1080&sh=1388,Vermelho Escuro,T-shirts,Tops,"Tank Top, Mulher, Vermelho Escuro T-shirts Tops"
"Tank Top, Mulher, Cru",9.99,https://mo-online.com/pt/tank-top-mulher-cru/000041152316017.html,https://mo-online.com/dw/image/v2/BCQK_PRD/on/demandware.static/-/Sites-master-catalog/default/dwe36deef9/images/hires/d5b6e182-9a78-4801-80f4-87fbcce8b6f6.jpg?sw=1080&sh=1388,Cru,T-shirts,Tops,"Tank Top, Mulher, Cru T-shirts Tops"
"Tank Top Canelado, Mulher, Castanho Escuro",5.99,https://mo-online.com/pt/tank-top-canelado-mulher-castanho-escuro/000041152341007.html,https://mo-online.com/dw/image/v2/BCQK_PRD/on/demandware.static/-/Sites-master-catalog/default/dw45bcab6d/images/hires/0e44f97d-2609-45fa-8675-acdd06688c22.jpg?sw=1080&sh=1388,Castanho Escuro,T-shirts,Tops,"Tank Top Canelado, Mulher, Castanho Escuro T-shirts Tops"
"T-shirt Modal, Mulher, Bege Claro",7.99,https://mo-online.com/pt/t-shirt-modal-mulher-bege-claro/000041152334021.html,https://mo-online.com/dw/image/v2/BCQK_PRD/on/demandware.static/-/Sites-master-catalog/default/dw25bf7b81/images/hires/a7e467f4-c225-4de1-9e5d-8ae377c35300.jpg?sw=1080&sh=1388,Bege Claro,T-shirts,Tops,"T-shirt Modal, Mulher, Bege Claro T-shirts Tops"
"T-shirt Decote em V, Mulher, Bege Escuro",7.99,https://mo-online.com/pt/t-shirt-decote-em-v-mulher-bege-escuro/000041152318005.html,https://mo-online.com/dw/image/v2/BCQK_PRD/on/demandware.static/-/Sites-master-catalog/default/dwfbe54ca2/images/hires/f9375b1a-1f8e-4843-ba09-4fa09d8bac4a.jpg?sw=1080&sh=1388,Bege Escuro,T-shirts,Tops,"T-shirt Decote em V, Mulher, Bege Escuro T-shirts Tops"
"T-shirt Modal Às Riscas, Mulher, Preto",7.99,https://mo-online.com/pt/t-shirt-modal-as-riscas-mulher-preto/000041152334002.html,https://mo-online.com/dw/image/v2/BCQK_PRD/on/demandware.static/-/Sites-master-catalog/default/dw831f8d6a/images/hires/b46b2763-9b50-4a50-a7f7-c8f9a35000bd.jpg?sw=1080&sh=1388,Preto,T-shirts,Tops,"T-shirt Modal Às Riscas, Mulher, Preto T-shirts Tops"
"T-shirt Decote em V, Mulher, Cru",7.99,https://mo-online.com/pt/t-shirt-decote-em-v-mulher-cru/000041152318021.html,https://mo-online.com/dw/image/v2/BCQK_PRD/on/demandware.static/-/Sites-master-catalog/default/dwcfb3724b/images/hires/4dc4c33e-6a47-4ea7-8e82-359e779855d2.jpg?sw=1080&sh=1388,Cru,T-shirts,Tops,"T-shirt Decote em V, Mulher, Cru T-shirts Tops"
"Tank Top, Mulher, Castanho Claro",9.99,https://mo-online.com/pt/tank-top-mulher-castanho-claro/000041152316023.html,https://mo-online.com/dw/image/v2/BCQK_PRD/on/demandware.static/-/Sites-master-catalog/default/dw13a6f2cf/images/hires/1c99bb14-8da6-49df-b040-a7094ecc645a.jpg?sw=1080&sh=1388,Castanho Claro,T-shirts,Tops,"Tank Top, Mulher, Castanho Claro T-shirts Tops"
"T-shirt Modal, Mulher, Castanho Claro",7.99,https://mo-online.com/pt/t-shirt-modal-mulher-castanho-claro/000041152334023.html,https://mo-online.com/dw/image/v2/BCQK_PRD/on/demandware.static/-/Sites-master-catalog/default/dw64737a26/images/hires/461fb743-5c0d-4e5d-8c1d-abe0c2773930.jpg?sw=1080&sh=1388,Castanho Claro,T-shirts,Tops,"T-shirt Modal, Mulher, Castanho Claro T-shirts Tops"
"Top de Alças, Mulher, Vermelho Escuro",5.99,https://mo-online.com/pt/top-de-alcas-mulher-vermelho-escuro/000041152340039.html,https://mo-online.com/dw/image/v2/BCQK_PRD/on/demandware.static/-/Sites-master-catalog/default/dw3c254a5e/images/hires/9322ac05-e15b-4a12-a4af-9b87701ed74b.jpg?sw=1080&sh=1388,Vermelho Escuro,T-shirts,Tops,"Top de Alças, Mulher, Vermelho Escuro T-shirts Tops"
"Calças Liocel, Mulher, Azul",19.99,https://mo-online.com/pt/calcas-liocel-mulher-azul/000041152474003.html,https://mo-online.com/dw/image/v2/BCQK_PRD/on/demandware.static/-/Sites-master-catalog/default/dwe41e15e1/images/hires/fe25e1a8-4140-41de-bf15-a8c6635c219a.jpg?sw=1080&sh=1388,Azul,Calças,Leggings,"Calças Liocel, Mulher, Azul Leggings"
"Sandálias Crochet, Mulher, Bege",22.99,https://mo-online.com/pt/sandalias-crochet-mulher-bege/000041152227001.html,https://mo-online.com/dw/image/v2/BCQK_PRD/on/demandware.static/-/Sites-master-catalog/default/dw8c1cc116/images/hires/c929d7ac-6c7f-42cb-9da7-a4c20d4b319e.jpg?sw=1080&sh=1388,Bege,Calçado,,"Sandálias Crochet, Mulher, Bege Calçado"
"Calções Liocel, Mulher, Azul Claro",17.99,https://mo-online.com/pt/calcoes-liocel-mulher-azul-claro/000041152255022.html,https://mo-online.com/dw/image/v2/BCQK_PRD/on/demandware.static/-/Sites-master-catalog/default/dw4ff62e62/images/hires/78cd8cc3-0647-4983-a779-9764a1dd0f1d.jpg?sw=1080&sh=1388,Azul Claro,Saias,Calções,"Calções Liocel, Mulher, Azul Claro Saias"
"Calças de Ganga 'Straight', Mulher, Cinzento",22.99,https://mo-online.com/pt/calcas-de-ganga-straight-mulher-cinzento/000041154955020.html,https://mo-online.com/dw/image/v2/BCQK_PRD/on/demandware.static/-/Sites-master-catalog/default/dw638bddb3/images/hires/998172f8-4b82-4cf3-8ed7-a22ad63e5570.jpg?sw=1080&sh=1388,Cinzento,Jeans,,"Calças de Ganga 'Straight', Mulher, Cinzento Jeans"
"Pack 3 Cuecas Brief, Mulher, Brege",12.99,https://mo-online.com/pt/pack-3-cuecas-brief-mulher-brege/000041152168001.html,https://mo-online.com/dw/image/v2/BCQK_PRD/on/demandware.static/-/Sites-master-catalog/default/dwd50527d9/images/hires/c2f3336b-79f5-4034-aae3-bea59dff82af.jpg?sw=1080&sh=1388,Brege,Roupa Interior,,"Pack 3 Cuecas Brief, Mulher, Brege Roupa Interior"
"T-shirt Modal, Mulher, Roxo",7.99,https://mo-online.com/pt/t-shirt-modal-mulher-roxo/000041152334039.html,https://mo-online.com/dw/image/v2/BCQK_PRD/on/demandware.static/-/Sites-master-catalog/default/dw665f09b0/images/hires/2c5398e2-c345-4c72-aef6-a0e7e02d15e0.jpg?sw=1080&sh=1388,Roxo,T-shirts,Tops,"T-shirt Modal, Mulher, Roxo T-shirts Tops"
"Calções Liocel, Mulher, Verde Claro",17.99,https://mo-online.com/pt/calcoes-liocel-mulher-verde-claro/000041152255027.html,https://mo-online.com/dw/image/v2/BCQK_PRD/on/demandware.static/-/Sites-master-catalog/default/dwc515ba59/images/hires/174b9d44-69af-4164-89de-64f608a17c72.jpg?sw=1080&sh=1388,Verde Claro,Saias,Calções,"Calções Liocel, Mulher, Verde Claro Saias"
"Tank Top, Mulher, Verde Claro",5.99,https://mo-online.com/pt/tank-top-mulher-verde-claro/000041152339026.html,https://mo-online.com/dw/image/v2/BCQK_PRD/on/demandware.static/-/Sites-master-catalog/default/dw6487cc7a/images/hires/3e529b30-5227-4ce6-9d08-dc5deea745e1.jpg?sw=1080&sh=1388,Verde Claro,T-shirts,Tops,"Tank Top, Mulher, Verde Claro T-shirts Tops"
"Calças de Ganga 'Straight', Mulher, Rosa",22.99,https://mo-online.com/pt/calcas-de-ganga-straight-mulher-rosa/000041154955013.html,https://mo-online.com/dw/image/v2/BCQK_PRD/on/demandware.static/-/Sites-master-catalog/default/dw01528290/images/hires/f76a54ed-c728-43fe-aa22-296e8bc44547.jpg?sw=1080&sh=1388,Rosa,Jeans,,"Calças de Ganga 'Straight', Mulher, Rosa Jeans"
"Tank Top, Mulher, Vermelho Escuro",5.99,https://mo-online.com/pt/tank-top-mulher-vermelho-escuro/000041152339014.html,https://mo-online.com/dw/image/v2/BCQK_PRD/on/demandware.static/-/Sites-master-catalog/default/dw80709467/images/hires/548c4122-1c0c-4f01-ae01-1e78c0db163c.jpg?sw=1080&sh=1388,Vermelho Escuro,T-shirts,Tops,"Tank Top, Mulher, Vermelho Escuro T-shirts Tops"
"Calças Liocel, Mulher, Verde Claro",19.99,https://mo-online.com/pt/calcas-liocel-mulher-verde-claro/000041152474027.html,https://mo-online.com/dw/image/v2/BCQK_PRD/on/demandware.static/-/Sites-master-catalog/default/dw9027b0ee/images/hires/68ef41be-0734-43d4-9774-939a25ec9ba4.jpg?sw=1080&sh=1388,Verde Claro,Calças,Leggings,"Calças Liocel, Mulher, Verde Claro Leggings"
"Tank Top Canelado, Mulher, Azul",5.99,https://mo-online.com/pt/tank-top-canelado-mulher-azul/000041152341003.html,https://mo-online.com/dw/image/v2/BCQK_PRD/on/demandware.static/-/Sites-master-catalog/default/dwb77da5b1/images/hires/a8ce25bf-3419-4461-a19e-10ec0ace5839.jpg?sw=1080&sh=1388,Azul,T-shirts,Tops,"Tank Top Canelado, Mulher, Azul T-shirts Tops"
"Top de Alças, Mulher, Castanho",5.99,https://mo-online.com/pt/top-de-alcas-mulher-castanho/000041152340007.html,https://mo-online.com/dw/image/v2/BCQK_PRD/on/demandware.static/-/Sites-master-catalog/default/dwc28027e3/images/hires/ea932e9e-8eaa-460c-92f9-1ddc97ce546b.jpg?sw=1080&sh=1388,Castanho,T-shirts,Tops,"Top de Alças, Mulher, Castanho T-shirts Tops"
"T-shirt Decote em V, Mulher, Vermelho Escuro",7.99,https://mo-online.com/pt/t-shirt-decote-em-v-mulher-vermelho-escuro/000041152318039.html,https://mo-online.com/dw/image/v2/BCQK_PRD/on/demandware.static/-/Sites-master-catalog/default/dw4aff31c1/images/hires/6ab81b89-1996-4964-af4d-c82676074e1f.jpg?sw=1080&sh=1388,Vermelho Escuro,T-shirts,Tops,"T-shirt Decote em V, Mulher, Vermelho Escuro T-shirts Tops"
"Calções Liocel, Mulher, Cinzento Escuro",17.99,https://mo-online.com/pt/calcoes-liocel-mulher-cinzento-escuro/000041152255010.html,https://mo-online.com/dw/image/v2/BCQK_PRD/on/demandware.static/-/Sites-master-catalog/default/dw009fc026/images/hires/e1c06246-abbb-4149-bd7b-3e6574b4e9ee.jpg?sw=1080&sh=1388,Cinzento Escuro,Saias,Calções,"Calções Liocel, Mulher, Cinzento Escuro Saias"
"Camisa Liocel, Mulher, Verde Claro",17.99,https://mo-online.com/pt/camisa-liocel-mulher-verde-claro/000041152475027.html,https://mo-online.com/dw/image/v2/BCQK_PRD/on/demandware.static/-/Sites-master-catalog/default/dwe2933e57/images/hires/f30efcc4-4d99-49b8-b69f-c08e16effe3e.jpg?sw=1080&sh=1388,Verde Claro,Blusas,Camisas,"Camisa Liocel, Mulher, Verde Claro Blusas Camisas"
"Calças Liocel, Mulher, Bege",19.99,https://mo-online.com/pt/calcas-liocel-mulher-bege/000041152474001.html,https://mo-online.com/dw/image/v2/BCQK_PRD/on/demandware.static/-/Sites-master-catalog/default/dw5e5a3e93/images/hires/f432b4d1-ea64-4fc0-a9fe-262681424054.jpg?sw=1080&sh=1388,Bege,Calças,Leggings,"Calças Liocel, Mulher, Bege Leggings"
"Pack 3 Cuecas Brief, Mulher, Multicolor",12.99,https://mo-online.com/pt/pack-3-cuecas-brief-mulher-multicolor/000041152168035.html,https://mo-online.com/dw/image/v2/BCQK_PRD/on/demandware.static/-/Sites-master-catalog/default/dwf4cff702/images/hires/a93429e5-9a0b-4efa-ad64-4d6bba10b33c.jpg?sw=1080&sh=1388,Multicolor,Roupa Interior,,"Pack 3 Cuecas Brief, Mulher, Multicolor Roupa Interior"
"Camisa Liocel, Mulher, Azul",17.99,https://mo-online.com/pt/camisa-liocel-mulher-azul/000041152475003.html,https://mo-online.com/dw/image/v2/BCQK_PRD/on/demandware.static/-/Sites-master-catalog/default/dw6a3ec0b0/images/hires/4830c1fd-c819-498a-aac8-b761148f7570.jpg?sw=1080&sh=1388,Azul,Blusas,Camisas,"Camisa Liocel, Mulher, Azul Blusas Camisas"
"T-shirt Estampada, Mulher, Branco",7.99,https://mo-online.com/pt/t-shirt-estampada-mulher-branco/000041152253041.html,https://mo-online.com/dw/image/v2/BCQK_PRD/on/demandware.static/-/Sites-master-catalog/default/dw570d3c32/images/hires/d3dc404a-db96-451f-8649-fdd8c67fbea5.jpg?sw=1080&sh=1388,Branco,T-shirts,Tops,"T-shirt Estampada, Mulher, Branco T-shirts Tops"
"Sandálias Crochet, Mulher, Preto",22.99,https://mo-online.com/pt/sandalias-crochet-mulher-preto/000041152207002.html,https://mo-online.com/dw/image/v2/BCQK_PRD/on/demandware.static/-/Sites-master-catalog/default/dw1d16f8ec/images/hires/ee03370f-277c-4065-85dd-28e571a182b2.jpg?sw=1080&sh=1388,Preto,Calçado,,"Sandálias Crochet, Mulher, Preto Calçado"
"Camisa Liocel, Mulher, Bege",17.99,https://mo-online.com/pt/camisa-liocel-mulher-bege/000041152475001.html,https://mo-online.com/dw/image/v2/BCQK_PRD/on/demandware.static/-/Sites-master-catalog/default/dw7855fe34/images/hires/c9a45c65-a6ca-403e-aea8-bedb21e02492.jpg?sw=1080&sh=1388,Bege,Blusas,Camisas,"Camisa Liocel, Mulher, Bege Blusas Camisas"
"Lenço Animal Print, Mulher, Preto",7.99,https://mo-online.com/pt/lenco-animal-print-mulher-preto/000041152384002.html,https://mo-online.com/dw/image/v2/BCQK_PRD/on/demandware.static/-/Sites-master-catalog/default/dwcf37f3e9/images/hires/54ec1c0f-542b-47c8-b558-642b0a6e673b.jpg?sw=1080&sh=1388,Preto,Lenços & Écharpes,,"Lenço Animal Print, Mulher, Preto Lenços & Écharpes"
"Lenço, Mulher, Castanho",7.99,https://mo-online.com/pt/lenco-mulher-castanho-/000041152363004.html,https://mo-online.com/dw/image/v2/BCQK_PRD/on/demandware.static/-/Sites-master-catalog/default/dwefec3995/images/hires/cb2dd49c-3d5f-4628-beee-805b6f645fe4.jpg?sw=1080&sh=1388,Castanho,Lenços & Écharpes,,"Lenço, Mulher, Castanho Lenços & Écharpes"
"Calças de Ganga 'Straight', Mulher, Verde Claro",22.99,https://mo-online.com/pt/calcas-de-ganga-straight-mulher-verde-claro/000041154955026.html,https://mo-online.com/dw/image/v2/BCQK_PRD/on/demandware.static/-/Sites-master-catalog/default/dw2bedd76e/images/hires/e8616977-bd11-49f6-bce6-9e887402e1e5.jpg?sw=1080&sh=1388,Verde Claro,Jeans,,"Calças de Ganga 'Straight', Mulher, Verde Claro Jeans"
"Calças de Ganga 'Straight', Mulher, Mostarda Claro",22.99,https://mo-online.com/pt/calcas-de-ganga-straight-mulher-mostarda-claro/000041154955733.html,https://mo-online.com/dw/image/v2/BCQK_PRD/on/demandware.static/-/Sites-master-catalog/default/dw9e0c5adc/images/hires/21871781-7b0d-45a8-8835-62cff6c13fdb.jpg?sw=1080&sh=1388,Mostarda Claro,Jeans,,"Calças de Ganga 'Straight', Mulher, Mostarda Claro Jeans"
"Sandálias Crochet, Mulher, Bege",22.99,https://mo-online.com/pt/sandalias-crochet-mulher-bege/000041152241001.html,https://mo-online.com/dw/image/v2/BCQK_PRD/on/demandware.static/-/Sites-master-catalog/default/dwbbadaa2e/images/hires/4fd81c90-bd64-478b-82f1-ab8db432eda6.jpg?sw=1080&sh=1388,Bege,Calçado,,"Sandálias Crochet, Mulher, Bege Calçado"
"Sandálias Crochet, Mulher, Preto",22.99,https://mo-online.com/pt/sandalias-crochet-mulher-preto/000041152240002.html,https://mo-online.com/dw/image/v2/BCQK_PRD/on/demandware.static/-/Sites-master-catalog/default/dw7b62c627/images/hires/91eada40-5494-46c7-8acd-b1af36f77112.jpg?sw=1080&sh=1388,Preto,Calçado,,"Sandálias Crochet, Mulher, Preto Calçado"
"Sandálias, Mulher, Rosa Claro",9.99,https://mo-online.com/pt/sandalias-mulher-rosa-claro/000041152082030.html,https://mo-online.com/dw/image/v2/BCQK_PRD/on/demandware.static/-/Sites-master-catalog/default/dw2b1b895f/images/hires/d8a9a0c2-c5e8-43e3-a3d5-d2756aba3c04.jpg?sw=1080&sh=1388,Rosa Claro,Calçado,,"Sandálias, Mulher, Rosa Claro Calçado"
"Sandálias, Mulher, Amarelo Claro",9.99,https://mo-online.com/pt/sandalias-mulher-amarelo-claro/000041152082033.html,https://mo-online.com/dw/image/v2/BCQK_PRD/on/demandware.static/-/Sites-master-catalog/default/dw02879cd5/images/hires/267bb509-3c94-4f4d-ba92-d5116ede972d.jpg?sw=1080&sh=1388,Amarelo Claro,Calçado,,"Sandálias, Mulher, Amarelo Claro Calçado"
"Vestido com Linho, Mulher, Amarelo",29.99,https://mo-online.com/pt/vestido-com-linho-mulher-amarelo/000041152285042.html,https://mo-online.com/dw/image/v2/BCQK_PRD/on/demandware.static/-/Sites-master-catalog/default/dwcab10275/images/hires/b64ec010-09e6-4f0c-ad8e-5e8bd0ff43a2.jpg?sw=1080&sh=1388,Amarelo,Vestidos,Macacões,"Vestido com Linho, Mulher, Amarelo Vestidos Macacões"
"Calças de Ganga 'Straight Cropped', Mulher, Branco",19.99,https://mo-online.com/pt/calcas-de-ganga-straight-cropped-mulher-branco/000041152271041.html,https://mo-online.com/dw/image/v2/BCQK_PRD/on/demandware.static/-/Sites-master-catalog/default/dwf90c583d/images/hires/bd7e52d8-82ca-460f-ad9d-faa742e76845.jpg?sw=1080&sh=1388,Branco,Jeans,,"Calças de Ganga 'Straight Cropped', Mulher, Branco Jeans"
"Calças de Ganga 'Straight Cropped', Mulher, Azul Claro",19.99,https://mo-online.com/pt/calcas-de-ganga-straight-cropped-mulher-azul-claro-/000041152271022.html,https://mo-online.com/dw/image/v2/BCQK_PRD/on/demandware.static/-/Sites-master-catalog/default/dwcda9266b/images/hires/ef24e1c8-f689-4102-9000-dec861020303.jpg?sw=1080&sh=1388,Azul Claro,Jeans,,"Calças de Ganga 'Straight Cropped', Mulher, Azul Claro Jeans"
"Vestido Comprido, Mulher, Amarelo",19.99,https://mo-online.com/pt/vestido-comprido-mulher-amarelo/000041152258042.html,https://mo-online.com/dw/image/v2/BCQK_PRD/on/demandware.static/-/Sites-master-catalog/default/dw38dd1318/images/hires/de52a0c7-ae90-45d1-aa1d-35fa6d0fc4ec.jpg?sw=1080&sh=1388,Amarelo,Vestidos,Macacões,"Vestido Comprido, Mulher, Amarelo Vestidos Macacões"
"Vestido Modal, Mulher, Azul Escuro",22.99,https://mo-online.com/pt/vestido-modal-mulher-azul-escuro/000041152223006.html,https://mo-online.com/dw/image/v2/BCQK_PRD/on/demandware.static/-/Sites-master-catalog/default/dwe136fd75/images/hires/e294f160-5cba-4621-9f7d-7686e4939bf6.jpg?sw=1080&sh=1388,Azul Escuro,Vestidos,Macacões,"Vestido Modal, Mulher, Azul Escuro Vestidos Macacões"
"Calças com Linho, Mulher, Bege Claro",22.99,https://mo-online.com/pt/calcas-com-linho-mulher-bege-claro-/000041152266021.html,https://mo-online.com/dw/image/v2/BCQK_PRD/on/demandware.static/-/Sites-master-catalog/default/dw3ca15752/images/hires/3526f346-84d4-426f-a27a-3be83a6a82ae.jpg?sw=1080&sh=1388,Bege Claro,Calças,Leggings,"Calças com Linho, Mulher, Bege Claro Leggings"
"Blusa com Linho, Mulher, Azul",22.99,https://mo-online.com/pt/blusa-com-linho-mulher-azul-/000041152282003.html,https://mo-online.com/dw/image/v2/BCQK_PRD/on/demandware.static/-/Sites-master-catalog/default/dw60e0bd0f/images/hires/57dc4566-9e9a-42a1-814b-f26cb8f79fdc.jpg?sw=1080&sh=1388,Azul,Blusas,Camisas,"Blusa com Linho, Mulher, Azul Blusas Camisas"
"Vestido Comprido, Mulher, Cru",19.99,https://mo-online.com/pt/vestido-comprido-mulher-cru/000041152258017.html,https://mo-online.com/dw/image/v2/BCQK_PRD/on/demandware.static/-/Sites-master-catalog/default/dwc4b3709a/images/hires/745846b2-be8e-4562-8ae9-900809a990af.jpg?sw=1080&sh=1388,Cru,Vestidos,Macacões,"Vestido Comprido, Mulher, Cru Vestidos Macacões"
"Vestido Modal, Mulher, Verde",22.99,https://mo-online.com/pt/vestido-modal-mulher-verde-/000041152223019.html,https://mo-online.com/dw/image/v2/BCQK_PRD/on/demandware.static/-/Sites-master-catalog/default/dwb62fb6bc/images/hires/6b51d5c8-849c-4735-86d3-5c083e0f31a9.jpg?sw=1080&sh=1388,Verde,Vestidos,Macacões,"Vestido Modal, Mulher, Verde Vestidos Macacões"
"Vestido Modal, Mulher, Laranja Escuro",22.99,https://mo-online.com/pt/vestido-modal-mulher-laranja-escuro/000041152223012.html,https://mo-online.com/dw/image/v2/BCQK_PRD/on/demandware.static/-/Sites-master-catalog/default/dwca79c6c0/images/hires/0897dcc2-68e6-45c6-8d60-24c60da49edc.jpg?sw=1080&sh=1388,Laranja Escuro,Vestidos,Macacões,"Vestido Modal, Mulher, Laranja Escuro Vestidos Macacões"
"Calções de Ganga, Mulher, Azul Claro",17.99,https://mo-online.com/pt/calcoes-de-ganga-mulher-azul-claro-/000041152287022.html,https://mo-online.com/dw/image/v2/BCQK_PRD/on/demandware.static/-/Sites-master-catalog/default/dw6ec540f4/images/hires/458678b0-e67c-493b-93d6-71a7d66df8e2.jpg?sw=1080&sh=1388,Azul Claro,Saias,Calções,"Calções de Ganga, Mulher, Azul Claro Saias"
"Vestido Comprido, Mulher, Azul",19.99,https://mo-online.com/pt/vestido-comprido-mulher-azul-/000041152258003.html,https://mo-online.com/dw/image/v2/BCQK_PRD/on/demandware.static/-/Sites-master-catalog/default/dwf096d6de/images/hires/24daeacf-e86e-4b3a-b360-3d2762399421.jpg?sw=1080&sh=1388,Azul,Vestidos,Macacões,"Vestido Comprido, Mulher, Azul Vestidos Macacões"
"Pack 4 Mini Molas de Cabelo, Menina, Castanho",2.99,https://mo-online.com/pt/pack-4-mini-molas-de-cabelo-menina-castanho/000041146192004.html,https://mo-online.com/dw/image/v2/BCQK_PRD/on/demandware.static/-/Sites-master-catalog/default/dw60f463b2/images/hires/931319cf-f644-4160-86ca-9f10467042b7.jpg?sw=1080&sh=1388,Castanho,Chapéus,,"Pack 4 Mini Molas de Cabelo, Menina, Castanho Chapéus"
"Blusa com Linho, Mulher, Amarelo",22.99,https://mo-online.com/pt/blusa-com-linho-mulher-amarelo/000041152282042.html,https://mo-online.com/dw/image/v2/BCQK_PRD/on/demandware.static/-/Sites-master-catalog/default/dw016ca8c1/images/hires/fcc9b6f1-fdbc-4c8a-8678-3b7bbde7a7c4.jpg?sw=1080&sh=1388,Amarelo,Blusas,Camisas,"Blusa com Linho, Mulher, Amarelo Blusas Camisas"
"Pack Elásticos de Cabelo, Mulher, Preto",3.99,https://mo-online.com/pt/pack-elasticos-de-cabelo-mulher-preto/000041146193002.html,https://mo-online.com/dw/image/v2/BCQK_PRD/on/demandware.static/-/Sites-master-catalog/default/dw427354d3/images/hires/fa3fb559-9dbd-4609-a3c6-cc6c71a2e96f.jpg?sw=1080&sh=1388,Preto,Chapéus,,"Pack Elásticos de Cabelo, Mulher, Preto Chapéus"
"Boné, Mulher, Vermelho",12.99,https://mo-online.com/pt/bone-mulher-vermelho/000041152422040.html,https://mo-online.com/dw/image/v2/BCQK_PRD/on/demandware.static/-/Sites-master-catalog/default/dw3bc2b120/images/hires/cbad6fb1-93d0-4848-b87f-ca531d2a041a.jpg?sw=1080&sh=1388,Vermelho,Chapéus,,"Boné, Mulher, Vermelho Chapéus"
"Pijama Riscas, Mulher, Rosa Claro",22.99,https://mo-online.com/pt/pijama-riscas-mulher-rosa-claro/000041152243030.html,https://mo-online.com/dw/image/v2/BCQK_PRD/on/demandware.static/-/Sites-master-catalog/default/dwf14da544/images/hires/811e221f-6656-405c-9d25-4b897a09e006.jpg?sw=1080&sh=1388,Rosa Claro,Pijamas,,"Pijama Riscas, Mulher, Rosa Claro Pijamas"
"Mola de Cabelo, Mulher, Multicolor",4.99,https://mo-online.com/pt/mola-de-cabelo-mulher-multicolor/000041153078035.html,https://mo-online.com/dw/image/v2/BCQK_PRD/on/demandware.static/-/Sites-master-catalog/default/dwdbfee3cf/images/hires/c797e33d-145a-493d-ac0e-0a2eba3ce02f.jpg?sw=1080&sh=1388,Multicolor,Chapéus,,"Mola de Cabelo, Mulher, Multicolor Chapéus"
"Pijama Riscas, Mulher, Cinzento Claro",22.99,https://mo-online.com/pt/pijama-riscas-mulher-cinzento-claro/000041152243026.html,https://mo-online.com/dw/image/v2/BCQK_PRD/on/demandware.static/-/Sites-master-catalog/default/dw2dc2b15b/images/hires/f5403d7a-92d7-424e-b4b8-715970cc553c.jpg?sw=1080&sh=1388,Cinzento Claro,Pijamas,,"Pijama Riscas, Mulher, Cinzento Claro Pijamas"
"Calções de Ganga, Mulher, Azul",19.99,https://mo-online.com/pt/calcoes-de-ganga-mulher-azul/000041152280003.html,https://mo-online.com/dw/image/v2/BCQK_PRD/on/demandware.static/-/Sites-master-catalog/default/dw18c3ce26/images/hires/2a4f1542-0573-4aa6-818d-3e86b8e66879.jpg?sw=1080&sh=1388,Azul,Saias,Calções,"Calções de Ganga, Mulher, Azul Saias"
"Mola de Cabelo com Flor, Mulher, Rosa",4.99,https://mo-online.com/pt/mola-de-cabelo-com-flor-mulher-rosa/000041153007038.html,https://mo-online.com/dw/image/v2/BCQK_PRD/on/demandware.static/-/Sites-master-catalog/default/dw53c66245/images/hires/0af498fb-cbf2-44a3-8b45-e4edb22ceb39.jpg?sw=1080&sh=1388,Rosa,Chapéus,,"Mola de Cabelo com Flor, Mulher, Rosa Chapéus"
"Mola de Cabelo, Mulher, Branco",4.99,https://mo-online.com/pt/mola-de-cabelo-mulher-branco/000041152983041.html,https://mo-online.com/dw/image/v2/BCQK_PRD/on/demandware.static/-/Sites-master-catalog/default/dw1b7fb7ea/images/hires/d21e8d4e-bb3a-4e50-9690-b1832b1b0401.jpg?sw=1080&sh=1388,Branco,Chapéus,,"Mola de Cabelo, Mulher, Branco Chapéus"
"Calções de Ganga, Mulher, Cinzento",19.99,https://mo-online.com/pt/calcoes-de-ganga-mulher-cinzento-/000041152280020.html,https://mo-online.com/dw/image/v2/BCQK_PRD/on/demandware.static/-/Sites-master-catalog/default/dwc87355f7/images/hires/a27f6cf2-78a5-4091-8e55-cc5ac6c65c16.jpg?sw=1080&sh=1388,Cinzento,Saias,Calções,"Calções de Ganga, Mulher, Cinzento Saias"
"Pijama, Mulher, Verde Claro",15.99,https://mo-online.com/pt/pijama-mulher-verde-claro/000041152313026.html,https://mo-online.com/dw/image/v2/BCQK_PRD/on/demandware.static/-/Sites-master-catalog/default/dw31d6fd97/images/hires/8072e0f4-d704-48f0-852a-bb8063f26f7f.jpg?sw=1080&sh=1388,Verde Claro,Pijamas,,"Pijama, Mulher, Verde Claro Pijamas"
"Mola de Cabelo, Mulher, Castanho",2.99,https://mo-online.com/pt/mola-de-cabelo-mulher-castanho/000041146195004.html,https://mo-online.com/dw/image/v2/BCQK_PRD/on/demandware.static/-/Sites-master-catalog/default/dw63d66247/images/hires/e4a6e8ea-a52a-4394-a08d-92397ac992c6.jpg?sw=1080&sh=1388,Castanho,Chapéus,,"Mola de Cabelo, Mulher, Castanho Chapéus"
"Pack 5 Elásticos, Mulher, Castanho",1.99,https://mo-online.com/pt/pack-5-elasticos-mulher-castanho/000041152981004.html,https://mo-online.com/dw/image/v2/BCQK_PRD/on/demandware.static/-/Sites-master-catalog/default/dw33f7f688/images/hires/5d8b5379-68f7-4633-9fa4-275df98ca0c9.jpg?sw=1080&sh=1388,Castanho,Chapéus,,"Pack 5 Elásticos, Mulher, Castanho Chapéus"
"Pijama, Mulher, Rosa Claro",15.99,https://mo-online.com/pt/pijama-mulher-rosa-claro/000041152313030.html,https://mo-online.com/dw/image/v2/BCQK_PRD/on/demandware.static/-/Sites-master-catalog/default/dw378393c3/images/hires/a6d8aece-efe8-4430-a519-7a925207c3c5.jpg?sw=1080&sh=1388,Rosa Claro,Pijamas,,"Pijama, Mulher, Rosa Claro Pijamas"
"Mola de Cabelo Crochet, Mulher, Bege",6.99,https://mo-online.com/pt/mola-de-cabelo-crochet-mulher-bege/000041153077001.html,https://mo-online.com/dw/image/v2/BCQK_PRD/on/demandware.static/-/Sites-master-catalog/default/dw41c3d8f3/images/hires/ed47c3ed-913a-4569-a876-3b8dd57e41b8.jpg?sw=1080&sh=1388,Bege,Chapéus,,"Mola de Cabelo Crochet, Mulher, Bege Chapéus"
"Pack 5 Elásticos às Riscas, Mulher, Multicolor",2.99,https://mo-online.com/pt/pack-5-elasticos-as-riscas-mulher-multicolor/000041152994035.html,https://mo-online.com/dw/image/v2/BCQK_PRD/on/demandware.static/-/Sites-master-catalog/default/dw25b3a47f/images/hires/7050a521-a005-4a16-b41f-7199d08d1ebe.jpg?sw=1080&sh=1388,Multicolor,Chapéus,,"Pack 5 Elásticos às Riscas, Mulher, Multicolor Chapéus"
"Pack 2 Molas de Cabelo, Mulher, Castanho",4.99,https://mo-online.com/pt/pack-2-molas-de-cabelo-mulher-castanho-/000041152998004.html,https://mo-online.com/dw/image/v2/BCQK_PRD/on/demandware.static/-/Sites-master-catalog/default/dwd17c4612/images/hires/27e9779a-7655-4169-8e04-7ca47885f5fd.jpg?sw=1080&sh=1388,Castanho,Chapéus,,"Pack 2 Molas de Cabelo, Mulher, Castanho Chapéus"
"Mola de Cabelo Crochet, Mulher, Lilás",6.99,https://mo-online.com/pt/mola-de-cabelo-crochet-mulher-lilas/000041153077031.html,https://mo-online.com/dw/image/v2/BCQK_PRD/on/demandware.static/-/Sites-master-catalog/default/dw0f24a9f8/images/hires/6cdc477d-eba6-4911-a9b7-f18a35970711.jpg?sw=1080&sh=1388,Lilás,Chapéus,,"Mola de Cabelo Crochet, Mulher, Lilás Chapéus"
"Boné, Mulher, Verde",12.99,https://mo-online.com/pt/bone-mulher-verde-/000041152422019.html,https://mo-online.com/dw/image/v2/BCQK_PRD/on/demandware.static/-/Sites-master-catalog/default/dw05671167/images/hires/ad4ef151-68d3-41f5-ab8a-fe7cb983295d.jpg?sw=1080&sh=1388,Verde,Chapéus,,"Boné, Mulher, Verde Chapéus"
"Pack 3 Elásticos, Mulher, Multicolor",3.99,https://mo-online.com/pt/pack-3-elasticos-mulher-multicolor-/000041153014035.html,https://mo-online.com/dw/image/v2/BCQK_PRD/on/demandware.static/-/Sites-master-catalog/default/dw329ec889/images/hires/fe69086b-3ff8-458a-8df8-39410d14e494.jpg?sw=1080&sh=1388,Multicolor,Chapéus,,"Pack 3 Elásticos, Mulher, Multicolor Chapéus"
"Mala, Mulher, Preto",15.99,https://mo-online.com/pt/mala-mulher-preto-/000041152376002.html,https://mo-online.com/dw/image/v2/BCQK_PRD/on/demandware.static/-/Sites-master-catalog/default/dw0985eec8/images/hires/f8d772a4-9f8b-4ac8-b4ba-2d65fba597e9.jpg?sw=1080&sh=1388,Preto,Malas & Carteiras,,"Mala, Mulher, Preto Malas & Carteiras"
"Pack 3 Elásticos, Mulher, Multicolor",3.99,https://mo-online.com/pt/pack-3-elasticos-mulher-multicolor-/000041153011035.html,https://mo-online.com/dw/image/v2/BCQK_PRD/on/demandware.static/-/Sites-master-catalog/default/dwb7560b3c/images/hires/1eb4ae5e-fdbe-489f-97a7-5d2741d9acdd.jpg?sw=1080&sh=1388,Multicolor,Chapéus,,"Pack 3 Elásticos, Mulher, Multicolor Chapéus"
"Boné Animal Print, Mulher, Cinzento",9.99,https://mo-online.com/pt/bone-animal-print-mulher-cinzento-/000041152323020.html,https://mo-online.com/dw/image/v2/BCQK_PRD/on/demandware.static/-/Sites-master-catalog/default/dwb7cb61df/images/hires/4f5e2e1d-af71-4497-ae51-13b0b7d7bfbb.jpg?sw=1080&sh=1388,Cinzento,Chapéus,,"Boné Animal Print, Mulher, Cinzento Chapéus"
"Pack 3 Elásticos de Cabelo, Mulher, Multicolor",3.99,https://mo-online.com/pt/pack-3-elasticos-de-cabelo-mulher-multicolor/000041153012035.html,https://mo-online.com/dw/image/v2/BCQK_PRD/on/demandware.static/-/Sites-master-catalog/default/dw29af9bde/images/hires/890a2767-9e22-4cf5-bebd-816bb23164be.jpg?sw=1080&sh=1388,Multicolor,Chapéus,,"Pack 3 Elásticos de Cabelo, Mulher, Multicolor Chapéus"
"Gancho de Cabelo, Mulher, Castanho",4.99,https://mo-online.com/pt/gancho-de-cabelo-mulher-castanho-/000041153010004.html,https://mo-online.com/dw/image/v2/BCQK_PRD/on/demandware.static/-/Sites-master-catalog/default/dw7476b7af/images/hires/c60f3d2a-1d73-4fe8-9bfb-3b63c5d6c96b.jpg?sw=1080&sh=1388,Castanho,Chapéus,,"Gancho de Cabelo, Mulher, Castanho Chapéus"
"Pack 3 Elásticos Scrunchies, Mulher, Multicolor",4.99,https://mo-online.com/pt/pack-3-elasticos-scrunchies-mulher-multicolor-/000041152984035.html,https://mo-online.com/dw/image/v2/BCQK_PRD/on/demandware.static/-/Sites-master-catalog/default/dw77df9194/images/hires/2477e4f2-27c2-45fe-a3bd-c2d4118f8ae1.jpg?sw=1080&sh=1388,Multicolor,Chapéus,,"Pack 3 Elásticos Scrunchies, Mulher, Multicolor Chapéus"
"Pack 2 Elásticos Scrunchies, Mulher, Multicolor",4.99,https://mo-online.com/pt/pack-2-elasticos-scrunchies-mulher-multicolor-/000041152997035.html,https://mo-online.com/dw/image/v2/BCQK_PRD/on/demandware.static/-/Sites-master-catalog/default/dw8c395cf7/images/hires/58ae9dc9-4136-4e7d-8cc3-723b511ef26b.jpg?sw=1080&sh=1388,Multicolor,Chapéus,,"Pack 2 Elásticos Scrunchies, Mulher, Multicolor Chapéus"
"Fato de Banho, Mulher, Preto",22.99,https://mo-online.com/pt/fato-de-banho-mulher-preto/000041152387002.html,https://mo-online.com/dw/image/v2/BCQK_PRD/on/demandware.static/-/Sites-master-catalog/default/dw977ead11/images/hires/88bb9115-1e27-4b1b-bece-f12741a582ab.jpg?sw=1080&sh=1388,Preto,Novo,,"Fato de Banho, Mulher, Preto Novo"
"Colete Crochet, Mulher, Amarelo",17.99,https://mo-online.com/pt/colete-crochet-mulher-amarelo/000041152569042.html,https://mo-online.com/dw/image/v2/BCQK_PRD/on/demandware.static/-/Sites-master-catalog/default/dw64a1f9a3/images/hires/b41522b2-e5a1-4f54-92c9-496dede06370.jpg?sw=1080&sh=1388,Amarelo,Malhas,,"Colete Crochet, Mulher, Amarelo Malhas"
"Calções Crochet, Mulher, Amarelo",15.99,https://mo-online.com/pt/calcoes-crochet-mulher-amarelo/000041152558042.html,https://mo-online.com/dw/image/v2/BCQK_PRD/on/demandware.static/-/Sites-master-catalog/default/dw73280d6f/images/hires/1200b96f-174b-4e53-91a3-89b594ef9035.jpg?sw=1080&sh=1388,Amarelo,Saias,Calções,"Calções Crochet, Mulher, Amarelo Saias"
"T-shirt Riscas, Mulher, Preto",7.99,https://mo-online.com/pt/t-shirt-riscas-mulher-preto/000041152270002.html,https://mo-online.com/dw/image/v2/BCQK_PRD/on/demandware.static/-/Sites-master-catalog/default/dw272a3c13/images/hires/f1017458-53f1-4688-8d92-c5b5eb6765c1.jpg?sw=1080&sh=1388,Preto,T-shirts,Tops,"T-shirt Riscas, Mulher, Preto T-shirts Tops"
"T-shirt Riscas, Mulher, Amarelo",7.99,https://mo-online.com/pt/t-shirt-riscas-mulher-amarelo/000041152270042.html,https://mo-online.com/dw/image/v2/BCQK_PRD/on/demandware.static/-/Sites-master-catalog/default/dwb6c9781c/images/hires/f0dbb270-8c9a-4c84-93c4-34f699607c4b.jpg?sw=1080&sh=1388,Amarelo,T-shirts,Tops,"T-shirt Riscas, Mulher, Amarelo T-shirts Tops"
"T-shirt Estampada, Mulher, Azul",7.99,https://mo-online.com/pt/t-shirt-estampada-mulher-azul/000041152260003.html,https://mo-online.com/dw/image/v2/BCQK_PRD/on/demandware.static/-/Sites-master-catalog/default/dw7dd43c57/images/hires/eb072e29-798f-4937-9815-32d405adb42c.jpg?sw=1080&sh=1388,Azul,T-shirts,Tops,"T-shirt Estampada, Mulher, Azul T-shirts Tops"
"T-shirt Estampada, Mulher, Bege Claro",7.99,https://mo-online.com/pt/t-shirt-estampada-mulher-bege-claro/000041152260021.html,https://mo-online.com/dw/image/v2/BCQK_PRD/on/demandware.static/-/Sites-master-catalog/default/dwd70abee2/images/hires/d27e2dca-ffec-497d-9e1e-9bd2f013d55b.jpg?sw=1080&sh=1388,Bege Claro,T-shirts,Tops,"T-shirt Estampada, Mulher, Bege Claro T-shirts Tops"
"T-shirt Estampada, Mulher, Vermelho Escuro",7.99,https://mo-online.com/pt/t-shirt-estampada-mulher-vermelho-escuro/000041152260015.html,https://mo-online.com/dw/image/v2/BCQK_PRD/on/demandware.static/-/Sites-master-catalog/default/dw2827389d/images/hires/bac2c2a0-c120-42e2-8483-c11cce4a1efa.jpg?sw=1080&sh=1388,Vermelho Escuro,T-shirts,Tops,"T-shirt Estampada, Mulher, Vermelho Escuro T-shirts Tops"
"T-shirt Manga Curta, Mulher, Azul",7.99,https://mo-online.com/pt/t-shirt-manga-curta-mulher-azul/000041152253003.html,https://mo-online.com/dw/image/v2/BCQK_PRD/on/demandware.static/-/Sites-master-catalog/default/dw79974f4c/images/hires/af8bc3de-9fb8-4244-ab16-8d38d222784b.jpg?sw=1080&sh=1388,Azul,T-shirts,Tops,"T-shirt Manga Curta, Mulher, Azul T-shirts Tops"
"Tote Bag MO 30 anos, Mulher, Rosa",12.99,https://mo-online.com/pt/tote-bag-mo-30-anos-mulher-rosa/000041155061038.html,https://mo-online.com/dw/image/v2/BCQK_PRD/on/demandware.static/-/Sites-master-catalog/default/dw34976b3d/images/hires/d801e87f-08f4-4213-806a-6be4bc8fb42a.jpg?sw=1080&sh=1388,Rosa,Malas & Carteiras,,"Tote Bag MO 30 anos, Mulher, Rosa Malas & Carteiras"
"T-shirt, Mulher, Branco",12.99,https://mo-online.com/pt/t-shirt-mulher-branco/000041155319041.html,https://mo-online.com/dw/image/v2/BCQK_PRD/on/demandware.static/-/Sites-master-catalog/default/dw3ed363e5/images/hires/34979884-3c64-4aa8-ae1b-fdac948a62c0.jpg?sw=1080&sh=1388,Branco,T-shirts,Tops,"T-shirt, Mulher, Branco T-shirts Tops"
"T-shirt, Mulher, Amarelo",12.99,https://mo-online.com/pt/t-shirt-mulher-amarelo/000041155319042.html,https://mo-online.com/dw/image/v2/BCQK_PRD/on/demandware.static/-/Sites-master-catalog/default/dw3adfae63/images/hires/be962a2e-824a-4378-ae6a-c9905f8e6e0c.jpg?sw=1080&sh=1388,Amarelo,T-shirts,Tops,"T-shirt, Mulher, Amarelo T-shirts Tops"
"Body, Mulher, Azul",12.99,https://mo-online.com/pt/body-mulher-azul/000041155305003.html,https://mo-online.com/dw/image/v2/BCQK_PRD/on/demandware.static/-/Sites-master-catalog/default/dwfb7a0be0/images/hires/549efcbb-4dbd-4d46-a5b5-d18be83715c2.jpg?sw=1080&sh=1388,Azul,T-shirts,Tops,"Body, Mulher, Azul T-shirts Tops"
"T-shirt, Mulher, Rosa Escuro",12.99,https://mo-online.com/pt/t-shirt-mulher-rosa-escuro/000041155319031.html,https://mo-online.com/dw/image/v2/BCQK_PRD/on/demandware.static/-/Sites-master-catalog/default/dw09a73cda/images/hires/223d2f9d-720e-47e0-b6b5-e3bac768a3a0.jpg?sw=1080&sh=1388,Rosa Escuro,T-shirts,Tops,"T-shirt, Mulher, Rosa Escuro T-shirts Tops"
"Calças Culotte Ricas, Mulher, Azul Claro",15.99,https://mo-online.com/pt/calcas-culotte-ricas-mulher-azul-claro/000041155317022.html,https://mo-online.com/dw/image/v2/BCQK_PRD/on/demandware.static/-/Sites-master-catalog/default/dw5b2907b8/images/hires/2a24602d-d9e1-4b4e-99a9-1ff753f2ef0f.jpg?sw=1080&sh=1388,Azul Claro,Calças,Leggings,"Calças Culotte Ricas, Mulher, Azul Claro Leggings"
"Bolsa, Mulher, Rosa",9.99,https://mo-online.com/pt/bolsa-mulher-rosa/000041152382038.html,https://mo-online.com/dw/image/v2/BCQK_PRD/on/demandware.static/-/Sites-master-catalog/default/dw52e0a395/images/hires/21463376-e401-42aa-b906-685291a91a31.jpg?sw=1080&sh=1388,Rosa,Malas & Carteiras,,"Bolsa, Mulher, Rosa Malas & Carteiras"
"Body, Mulher, Rosa Escuro",12.99,https://mo-online.com/pt/body-mulher-rosa-escuro/000041155305013.html,https://mo-online.com/dw/image/v2/BCQK_PRD/on/demandware.static/-/Sites-master-catalog/default/dwe9e282c5/images/hires/3660e450-867a-4d50-9ff9-a36ca74f7d76.jpg?sw=1080&sh=1388,Rosa Escuro,T-shirts,Tops,"Body, Mulher, Rosa Escuro T-shirts Tops"
"Cinto, Mulher, Bege",12.99,https://mo-online.com/pt/cinto-mulher-bege/000041152380001.html,https://mo-online.com/dw/image/v2/BCQK_PRD/on/demandware.static/-/Sites-master-catalog/default/dw8fb58140/images/hires/77686d11-8475-4821-9f5b-ec008cfec280.jpg?sw=1080&sh=1388,Bege,Complementos,,"Cinto, Mulher, Bege Complementos"
"Sabonete ACH BRITO x MO 30 Anos, Multicolor",6.99,https://mo-online.com/pt/sabonete-ach-brito-x-mo-30-anos-multicolor/000041155062035.html,https://mo-online.com/dw/image/v2/BCQK_PRD/on/demandware.static/-/Sites-master-catalog/default/dwb4a13a1a/images/hires/2f045b5e-033e-457e-9dce-dd04d843158b.jpg?sw=1080&sh=1388,,Acessórios,,"Sabonete ACH BRITO x MO 30 Anos, Multicolor Acessórios"
"Cinto, Mulher, Multicolor",12.99,https://mo-online.com/pt/cinto-mulher-multicolor/000041152351035.html,https://mo-online.com/dw/image/v2/BCQK_PRD/on/demandware.static/-/Sites-master-catalog/default/dwd5d9609b/images/hires/5fdddd1f-4713-4536-8695-f30c3c016b98.jpg?sw=1080&sh=1388,Multicolor,Complementos,,"Cinto, Mulher, Multicolor Complementos"
"Cinto, Mulher, Castanho",12.99,https://mo-online.com/pt/cinto-mulher-castanho/000041152381004.html,https://mo-online.com/dw/image/v2/BCQK_PRD/on/demandware.static/-/Sites-master-catalog/default/dweff501b5/images/hires/441d9050-77be-462e-9619-b1bcc8369271.jpg?sw=1080&sh=1388,Castanho,Complementos,,"Cinto, Mulher, Castanho Complementos"
"Tote Bag MO 30 anos, Mulher, Azul",12.99,https://mo-online.com/pt/tote-bag-mo-30-anos-mulher-azul/000041155061003.html,https://mo-online.com/dw/image/v2/BCQK_PRD/on/demandware.static/-/Sites-master-catalog/default/dw37edeaeb/images/hires/7b81cb66-a13b-44c7-8eba-09b40577bb2c.jpg?sw=1080&sh=1388,Azul,Malas & Carteiras,,"Tote Bag MO 30 anos, Mulher, Azul Malas & Carteiras"
"Lenço, Mulher, Rosa",5.99,https://mo-online.com/pt/lenco-mulher-rosa-/000041155148038.html,https://mo-online.com/dw/image/v2/BCQK_PRD/on/demandware.static/-/Sites-master-catalog/default/dwe992ad64/images/hires/ff2faf64-5628-4726-ae7b-0e803b3f515a.jpg?sw=1080&sh=1388,Rosa,Lenços & Écharpes,,"Lenço, Mulher, Rosa Lenços & Écharpes"
"Cinto, Mulher, Castanho",12.99,https://mo-online.com/pt/cinto-mulher-castanho/000041152368004.html,https://mo-online.com/dw/image/v2/BCQK_PRD/on/demandware.static/-/Sites-master-catalog/default/dw71847da6/images/hires/bc61bc1a-184b-431c-871c-726414839614.jpg?sw=1080&sh=1388,Castanho,Complementos,,"Cinto, Mulher, Castanho Complementos"
"Lenço, Mulher, Branco",7.99,https://mo-online.com/pt/lenco-mulher-branco/000041155144041.html,https://mo-online.com/dw/image/v2/BCQK_PRD/on/demandware.static/-/Sites-master-catalog/default/dwb751582b/images/hires/4a98bc51-715e-4381-b033-b3db421d39dc.jpg?sw=1080&sh=1388,Branco,Lenços & Écharpes,,"Lenço, Mulher, Branco Lenços & Écharpes"
"Lenço Animal Print, Mulher, Preto",5.99,https://mo-online.com/pt/lenco-animal-print-mulher-preto/000041155145002.html,https://mo-online.com/dw/image/v2/BCQK_PRD/on/demandware.static/-/Sites-master-catalog/default/dw3628dda5/images/hires/068ef521-815d-440e-914e-c125fb021911.jpg?sw=1080&sh=1388,Preto,Lenços & Écharpes,,"Lenço Animal Print, Mulher, Preto Lenços & Écharpes"
